customer_ID,first_name,last_name,Province
000,Francisco,Avila,Alberta
001,Michael,Haynes,Nova Scotia
002,Sandra,Henderson,Quebec
003,Erin,Lawrence,New Brunswick
004,Helen,Campbell,Ontario
005,Rachel,Cooper,Prince Edward Island
006,Donald,Lambert,Manitoba
007,Christopher,Bailey,Quebec
008,Jessica,Jackson,Prince Edward Island
009,Terri,Allen,Alberta
010,William,Johnston,Ontario
011,Tiffany,Adams,Yukon Territory
012,John,Ballard,Quebec
013,Ashley,Sullivan,Prince Edward Island
014,Karen,Mccormick,Ontario
015,Kelly,Jones,Prince Edward Island
016,Vanessa,Holmes,Manitoba
017,Jessica,Hamilton,Newfoundland and Labrador
018,Dennis,Pearson,Saskatchewan
019,Seth,Hopkins,Saskatchewan
020,Laura,Campos,Ontario
021,Stephanie,Gonzalez,Ontario
022,Hannah,Houston,Manitoba
023,Stephanie,Gonzalez,Ontario
024,Jonathan,Williams,New Brunswick
025,Heather,Marquez,Alberta
026,Jillian,Lee,Quebec
027,Gavin,Walker,Northwest Territories
028,Steven,Hudson,Nunavut
029,April,Craig,Prince Edward Island
030,Alexandra,Dougherty,New Brunswick
031,John,Turner,Yukon Territory
032,Lisa,Martinez,Nunavut
033,Andrea,Ochoa,Saskatchewan
034,Jessica,Lopez,Saskatchewan
035,Audrey,Thompson,British Columbia
036,Jessica,Moore,Prince Edward Island
037,Kelly,Wolfe,Yukon Territory
038,Jennifer,Gould,Yukon Territory
039,Tammy,Martin,New Brunswick
040,Robin,Rose,Northwest Territories
041,Karina,Perez,Northwest Territories
042,Joseph,Norris,Nova Scotia
043,John,Cunningham,New Brunswick
044,Alexander,Collins,Yukon Territory
045,Kenneth,Kane,Nunavut
046,Dawn,Berger,Saskatchewan
047,Manuel,Collins,Nunavut
048,Melissa,Parker,Nova Scotia
049,Eric,Mayer,Ontario
050,Matthew,Stokes,Nunavut
051,Melissa,Pena,Manitoba
052,Jeremiah,Olson,Newfoundland and Labrador
053,Richard,Ritter,Nunavut
054,Michele,Zimmerman,Nunavut
055,Samantha,Bonilla,British Columbia
056,Maurice,Jackson,Alberta
057,Geoffrey,Brown,Manitoba
058,Amy,Armstrong,Manitoba
059,Melissa,Jackson,Nunavut
060,Denise,Adams,New Brunswick
061,Thomas,Ellis,Nunavut
062,Jean,Perkins,Newfoundland and Labrador
063,Cheryl,Gonzalez,Manitoba
064,Donald,Tucker,Nunavut
065,Laura,Lopez,Manitoba
066,Daniel,Jackson,Northwest Territories
067,Tammie,Martin,Ontario
068,Maria,Lee,Saskatchewan
069,Amanda,Evans,Saskatchewan
070,Joseph,Davenport,Ontario
071,Michael,Richard,Saskatchewan
072,Karen,Barnes,Saskatchewan
073,Amanda,Jackson,Saskatchewan
074,Lauren,Smith,Newfoundland and Labrador
075,Amanda,Frazier,Nunavut
076,Mark,Freeman,Alberta
077,Kent,Olson,New Brunswick
078,Angela,Mendoza,Prince Edward Island
079,Eileen,Hernandez,British Columbia
080,Michele,Chapman,British Columbia
081,Raymond,Hernandez,New Brunswick
082,Carol,Maldonado,British Columbia
083,Cody,Sweeney,Ontario
084,Veronica,Burch,Nunavut
085,Timothy,Sanford,Alberta
086,Dustin,Williams,Saskatchewan
087,Richard,Molina,Saskatchewan
088,Jerry,Brown,Saskatchewan
089,Becky,Allen,Prince Edward Island
090,Stephanie,Patterson,Alberta
091,Desiree,Brooks,Manitoba
092,Joshua,Brooks,Ontario
093,Juan,Moses,Yukon Territory
094,Cheyenne,Myers,Newfoundland and Labrador
095,Melissa,Mccullough,Newfoundland and Labrador
096,Ashley,Brady,Yukon Territory
097,John,Scott,Alberta
098,Edward,Johnson,Nova Scotia
099,Jessica,Harper,Northwest Territories
100,Paul,Smith,Nova Scotia
101,Tiffany,Lopez,Ontario
102,Jerry,Jennings,Yukon Territory
103,Breanna,Williams,Northwest Territories
104,Bethany,Butler,Yukon Territory
105,David,French,Prince Edward Island
106,Cheryl,Harris,Nova Scotia
107,Alex,Cruz,Nova Scotia
108,Crystal,Brown,Northwest Territories
109,John,Hopkins,Yukon Territory
110,Lisa,Smith,Prince Edward Island
111,Holly,Mcclain,Nova Scotia
112,Kristina,Pierce,Yukon Territory
113,Michael,Lopez,New Brunswick
114,Nicole,Mendez,Nunavut
115,Becky,Sanchez,Newfoundland and Labrador
116,Jessica,Johnson,British Columbia
117,Rodney,Webb,Manitoba
118,Emily,Watson,Saskatchewan
119,Melissa,Johns,Quebec
120,Cody,Mosley,Quebec
121,Shannon,Williams,Nunavut
122,Anthony,Williams,Nova Scotia
123,Tammy,Lewis,Northwest Territories
124,Frank,Schneider,Prince Edward Island
125,Juan,Kline,Manitoba
126,Lauren,Wright,Northwest Territories
127,Samantha,Soto,Newfoundland and Labrador
128,Brandon,Anderson,New Brunswick
129,Kristine,Harrington,Quebec
130,Misty,Jackson,Saskatchewan
131,Kylie,Gutierrez,Nova Scotia
132,Robert,Taylor,British Columbia
133,Maurice,Gray,Nova Scotia
134,Linda,Crawford,Northwest Territories
135,Raymond,Rivera,New Brunswick
136,Michael,Barnes,Northwest Territories
137,Derek,Adkins,Newfoundland and Labrador
138,Joel,Campbell,Ontario
139,Brittany,Evans,Newfoundland and Labrador
140,John,Mcclure,Quebec
141,Thomas,Graham,Yukon Territory
142,Samantha,Grant,Yukon Territory
143,Jennifer,Jones,British Columbia
144,Brittany,Lopez,Prince Edward Island
145,Karen,Stevens,Nunavut
146,Robert,Vasquez,Northwest Territories
147,Amy,Acosta,New Brunswick
148,Susan,Martinez,Alberta
149,Jake,Moses,Ontario
150,Cynthia,Lowery,Saskatchewan
151,Kim,Cunningham,Alberta
152,James,Clayton,Nova Scotia
153,Kenneth,Garcia,Nova Scotia
154,Charles,Hunt,Ontario
155,Angela,Smith,Nunavut
156,Michael,Harper,New Brunswick
157,Matthew,Williams,New Brunswick
158,Valerie,Aguilar,Northwest Territories
159,Katrina,Thomas,Alberta
160,Krista,Gibson,Manitoba
161,Christian,Cox,Newfoundland and Labrador
162,Loretta,Greer,British Columbia
163,Courtney,Foster,Prince Edward Island
164,Anthony,Adams,New Brunswick
165,Brandon,Molina,Prince Edward Island
166,Lori,Saunders,Yukon Territory
167,Laura,Allen,Northwest Territories
168,Laurie,Keller,British Columbia
169,Amanda,Perkins,Quebec
170,Joshua,Johnson,Saskatchewan
171,Erin,Walker,Prince Edward Island
172,Kelly,Butler,Ontario
173,Daryl,Fletcher,Northwest Territories
174,Albert,Mckee,Nunavut
175,Joseph,Jordan,Saskatchewan
176,Frank,Powell,New Brunswick
177,Adam,Bauer,Northwest Territories
178,Jessica,Nielsen,Northwest Territories
179,Andrea,Lucas,Ontario
180,Barbara,Eaton,Saskatchewan
181,Jerry,Brown,Newfoundland and Labrador
182,Chris,Zimmerman,Nunavut
183,Curtis,Anderson,Alberta
184,Nicole,Burton,Saskatchewan
185,Catherine,Williams,Yukon Territory
186,Matthew,Hopkins,Nunavut
187,Kelly,Bailey,Yukon Territory
188,Gary,Olson,New Brunswick
189,Cynthia,Thompson,Quebec
190,Anthony,Krueger,Saskatchewan
191,Sara,Alexander,Prince Edward Island
192,Alexander,Baker,Quebec
193,Dustin,Green,Newfoundland and Labrador
194,Monica,Mendoza,Ontario
195,Sarah,Cruz,Manitoba
196,Nicholas,Castillo,British Columbia
197,Anne,Khan,Nova Scotia
198,Jennifer,Carpenter,Yukon Territory
199,Phillip,Miller,Newfoundland and Labrador
200,Paul,Rodriguez,Manitoba
201,Anthony,Johnson,Nunavut
202,Kimberly,Cruz,Manitoba
203,Alex,Conway,Manitoba
204,Oscar,Edwards,Saskatchewan
205,Claire,Casey,Manitoba
206,Katelyn,Carter,Newfoundland and Labrador
207,Kathryn,Burns,Ontario
208,Stephanie,Kirk,Northwest Territories
209,Kenneth,Ortiz,Quebec
210,Alejandra,Sullivan,Newfoundland and Labrador
211,Deborah,Good,Alberta
212,Edward,Miller,Yukon Territory
213,Patricia,Massey,Nunavut
214,Kathleen,Ochoa,Manitoba
215,Lorraine,Sandoval,Nova Scotia
216,Lauren,Jones,British Columbia
217,Raymond,Mccall,British Columbia
218,Jennifer,Rodgers,Nova Scotia
219,Erica,Martin,Alberta
220,Michael,Alvarez,Ontario
221,George,Wagner,Ontario
222,Cheryl,Li,Quebec
223,Crystal,Hancock,Northwest Territories
224,Rebecca,Lee,Alberta
225,Melissa,Clayton,Newfoundland and Labrador
226,Michelle,Hunter,Prince Edward Island
227,Samuel,Berry,Alberta
228,Jamie,Martin,Alberta
229,Richard,Miller,New Brunswick
230,Alan,Richards,Newfoundland and Labrador
231,Karen,Reese,Nova Scotia
232,Mary,Roach,Nunavut
233,Danielle,Tran,Nunavut
234,Lisa,Powell,Nova Scotia
235,Douglas,Peck,British Columbia
236,Elizabeth,Murphy,Ontario
237,Brianna,Clarke,New Brunswick
238,Jeremy,Smith,Quebec
239,Jeffrey,Hart,Prince Edward Island
240,Mark,Duncan,Yukon Territory
241,Danielle,Smith,Nunavut
242,Michele,Flowers,Manitoba
243,Jennifer,Dunn,British Columbia
244,Gabrielle,Garcia,Northwest Territories
245,James,Rush,Nova Scotia
246,Cindy,Adkins,Ontario
247,Susan,Burgess,Nunavut
248,Dennis,Raymond,British Columbia
249,John,Thornton,British Columbia
250,Brooke,Oliver,Alberta
251,Samantha,Gardner,Quebec
252,Austin,Chandler,Nova Scotia
253,Pamela,Moore,Quebec
254,Marissa,White,Saskatchewan
255,Keith,Stephenson,British Columbia
256,Jonathan,White,Manitoba
257,Wendy,Hawkins,Quebec
258,Jason,Robbins,Quebec
259,Jason,Mullen,Northwest Territories
260,Paula,James,Alberta
261,Nathaniel,Murphy,Nunavut
262,Joanna,Valdez,Northwest Territories
263,David,Caldwell,British Columbia
264,Joshua,Ward,Newfoundland and Labrador
265,Teresa,Brown,Yukon Territory
266,Michelle,Mcdonald,Quebec
267,Michael,Pugh,British Columbia
268,Sonia,Meyer,Nunavut
269,Thomas,Davis,British Columbia
270,James,Ho,Manitoba
271,Jennifer,Parker,Alberta
272,Theodore,Jackson,Saskatchewan
273,Michelle,Smith,New Brunswick
274,Angela,Watts,Nunavut
275,Daniel,Carter,Alberta
276,Steven,Lyons,Quebec
277,Brenda,Elliott,Newfoundland and Labrador
278,Gina,Taylor,Newfoundland and Labrador
279,Donald,Duke,New Brunswick
280,Colin,Miller,Nunavut
281,Heather,Hanson,Nunavut
282,Thomas,Moon,British Columbia
283,Lorraine,Bryant,Nunavut
284,Amber,Duran,Alberta
285,Anthony,Bishop,Saskatchewan
286,Jason,Ruiz,Manitoba
287,Michael,Downs,Manitoba
288,Jeffery,Davidson,Saskatchewan
289,Danielle,Dixon,Newfoundland and Labrador
290,Jessica,Hicks,Quebec
291,Kevin,Mcfarland,Alberta
292,Bryan,Clark,Nunavut
293,Amy,Williams,New Brunswick
294,Lori,Pierce,Quebec
295,Michelle,Hill,New Brunswick
296,Emily,Knight,New Brunswick
297,Dennis,Johnson,Prince Edward Island
298,David,Rodriguez,Prince Edward Island
299,Brittany,Garrett,Quebec
300,Brian,Salazar,Alberta
301,Kimberly,Nicholson,Saskatchewan
302,Nicole,Carter,Saskatchewan
303,Melissa,Castillo,New Brunswick
304,Christopher,Harris,Quebec
305,Brandi,Armstrong,Newfoundland and Labrador
306,Rebekah,Washington,Nunavut
307,Jacqueline,Rogers,Newfoundland and Labrador
308,Omar,Palmer,Northwest Territories
309,Briana,Norton,Ontario
310,Emma,Horn,Alberta
311,Travis,Rhodes,Nova Scotia
312,Thomas,Williams,New Brunswick
313,Noah,Ewing,Yukon Territory
314,Jacob,Mcgee,Northwest Territories
315,Michelle,Hayes,Alberta
316,Luis,Collins,Ontario
317,James,Barker,New Brunswick
318,Stephanie,Potter,Saskatchewan
319,Ashley,Reeves,Northwest Territories
320,Tonya,Roberts,Newfoundland and Labrador
321,Lindsay,Conway,Prince Edward Island
322,Frank,Reynolds,Alberta
323,Jamie,Wells,New Brunswick
324,Suzanne,Jones,Saskatchewan
325,Jerry,Scott,Ontario
326,Jimmy,Anthony,Nova Scotia
327,Kevin,Wall,Yukon Territory
328,Bradley,Smith,Prince Edward Island
329,Jonathan,Combs,Nova Scotia
330,Casey,Harrison,Alberta
331,Emily,Johnson,Yukon Territory
332,Sarah,Wright,Prince Edward Island
333,Brian,Williams,Nova Scotia
334,Lawrence,Garcia,Ontario
335,Anne,Jones,British Columbia
336,Tammy,Henry,British Columbia
337,Kenneth,Ashley,New Brunswick
338,Amanda,Ross,British Columbia
339,Robert,Arias,New Brunswick
340,Tiffany,Mitchell,Northwest Territories
341,Andrea,Clark,Nunavut
342,Scott,Austin,Nova Scotia
343,Ryan,Green,Manitoba
344,Kathleen,Hernandez,Ontario
345,Brian,Morales,Saskatchewan
346,Mark,Macias,Northwest Territories
347,Patricia,Perez,Alberta
348,Patricia,Richards,Newfoundland and Labrador
349,Sara,Cooper,Nunavut
350,Matthew,Carey,Alberta
351,Megan,Allen,Quebec
352,Bobby,Walker,Newfoundland and Labrador
353,Jacqueline,Smith,Nova Scotia
354,Diane,Hernandez,Quebec
355,Rachel,Lloyd,Quebec
356,Andrew,Ortiz,Ontario
357,Michelle,Fleming,Newfoundland and Labrador
358,Kaitlyn,Zimmerman,Manitoba
359,Mark,Thompson,Northwest Territories
360,Dawn,Spence,Nova Scotia
361,William,Griffin,Nunavut
362,Barbara,Williams,Prince Edward Island
363,Colin,Nolan,Yukon Territory
364,Eric,Mitchell,Newfoundland and Labrador
365,Anthony,Jackson,Yukon Territory
366,Paul,Hines,Ontario
367,Madeline,Jenkins,Prince Edward Island
368,Crystal,Cross,Nunavut
369,Bryan,Wolf,British Columbia
370,Jason,Chandler,Prince Edward Island
371,Julia,Ross,Northwest Territories
372,William,Baker,Manitoba
373,Tina,Hawkins,Newfoundland and Labrador
374,Kathleen,Harper,Manitoba
375,Kathryn,Burton,Alberta
376,Charles,Hill,Saskatchewan
377,Savannah,Diaz,Prince Edward Island
378,Shannon,Duncan,Newfoundland and Labrador
379,Teresa,Sanders,Yukon Territory
380,Laura,Dunn,Northwest Territories
381,Kimberly,Lee,Ontario
382,Andrew,Joseph,British Columbia
383,Nicholas,Tran,Yukon Territory
384,Richard,Wall,Manitoba
385,Jesus,Gordon,Nova Scotia
386,William,Carroll,Northwest Territories
387,Tonya,Clarke,Alberta
388,Jose,Jenkins,Prince Edward Island
389,Megan,Ellis,New Brunswick
390,Cameron,Mathews,Nunavut
391,David,Castillo,Quebec
392,Jason,Vazquez,British Columbia
393,Kenneth,Stephens,Nova Scotia
394,Nathaniel,Martin,Manitoba
395,Angela,Young,Manitoba
396,Kayla,Cummings,Prince Edward Island
397,John,Nelson,Saskatchewan
398,Austin,Fox,Yukon Territory
399,Amy,Anderson,British Columbia
400,Chelsey,Daniels,Manitoba
401,Erik,Knight,Saskatchewan
402,Nicholas,Wilson,Quebec
403,David,Williams,New Brunswick
404,Ashley,Lopez,Nova Scotia
405,Marc,Combs,Ontario
406,Kimberly,Foster,Prince Edward Island
407,Diane,Johnson,Prince Edward Island
408,Michael,Gibbs,Nova Scotia
409,Jared,Roberts,Yukon Territory
410,Austin,Roberson,Quebec
411,Charles,Williams,Prince Edward Island
412,Gregory,Perez,Manitoba
413,Sean,Brady,New Brunswick
414,Kimberly,Li,Yukon Territory
415,Steven,Gaines,Nunavut
416,Thomas,Guerra,Saskatchewan
417,Ashley,Hall,Alberta
418,Christopher,Lopez,New Brunswick
419,Elizabeth,Thomas,Saskatchewan
420,Timothy,Graham,Saskatchewan
421,Kyle,Parker,Ontario
422,Kyle,Smith,Saskatchewan
423,Kyle,Mitchell,Yukon Territory
424,Jill,Stone,Saskatchewan
425,Alyssa,Charles,New Brunswick
426,Michael,Thompson,Nunavut
427,Michael,Vargas,Saskatchewan
428,Jennifer,Singleton,Yukon Territory
429,Danielle,Richards,Newfoundland and Labrador
430,Virginia,Wilson,British Columbia
431,Benjamin,Harmon,Nunavut
432,Stephanie,Adams,Quebec
433,Rachel,Durham,Manitoba
434,Anthony,Tucker,Alberta
435,Alexander,Robinson,Nunavut
436,Tara,Hill,Yukon Territory
437,Angela,Smith,Nunavut
438,Cheyenne,Taylor,Ontario
439,Richard,Smith,British Columbia
440,John,Smith,Nova Scotia
441,Garrett,Lynn,Nova Scotia
442,Daniel,Gomez,Yukon Territory
443,Diana,Rose,Quebec
444,Christine,Castro,British Columbia
445,Mary,Hopkins,Saskatchewan
446,Thomas,Ramirez,Nunavut
447,Jerry,Benjamin,Northwest Territories
448,Charles,Trujillo,Nova Scotia
449,Nicholas,Wright,Prince Edward Island
450,Sabrina,Smith,New Brunswick
451,Michelle,Barnes,Yukon Territory
452,Joel,Moreno,Newfoundland and Labrador
453,Melissa,Ritter,Nova Scotia
454,Ashley,Miller,Northwest Territories
455,Jennifer,Hughes,Quebec
456,Elizabeth,Yu,Quebec
457,William,Hudson,Yukon Territory
458,Emily,Gonzalez,Alberta
459,Vincent,Lambert,Newfoundland and Labrador
460,Melissa,Bradley,Quebec
461,Jorge,Flowers,Alberta
462,Michael,Martin,Manitoba
463,Edwin,Wilson,Manitoba
464,Elizabeth,Stafford,Manitoba
465,Robert,Bradford,Alberta
466,Richard,Crawford,New Brunswick
467,Holly,Roy,Alberta
468,Kevin,Frye,Yukon Territory
469,Derrick,Larson,Yukon Territory
470,Cory,Stout,Alberta
471,Linda,Vasquez,British Columbia
472,Katherine,Chen,Nova Scotia
473,Angela,Soto,Yukon Territory
474,Cynthia,Woodard,Ontario
475,Rachel,Ortiz,Yukon Territory
476,Christian,Park,New Brunswick
477,Raymond,Ellis,Saskatchewan
478,Robert,Lane,Nova Scotia
479,Sarah,Davis,Prince Edward Island
480,Riley,Nelson,Yukon Territory
481,Mercedes,Williams,Northwest Territories
482,Amber,Thomas,Yukon Territory
483,David,Snyder,British Columbia
484,Steven,Holland,Yukon Territory
485,Carrie,Hodges,Nova Scotia
486,Marcus,Green,Nova Scotia
487,Valerie,Reid,Newfoundland and Labrador
488,Emma,Macdonald,Quebec
489,Jeffrey,Gallagher,British Columbia
490,Melinda,Brown,Nova Scotia
491,Brianna,Houston,Yukon Territory
492,Michael,Moore,Nova Scotia
493,Kathy,Salazar,New Brunswick
494,Wendy,Pearson,Quebec
495,Justin,Howard,Alberta
496,Arthur,Rodriguez,Northwest Territories
497,Ebony,Best,Alberta
498,Lauren,Keller,Prince Edward Island
499,Connie,Foster,British Columbia
500,Stephanie,Gillespie,New Brunswick
501,Michael,Bradley,Saskatchewan
502,Matthew,Donovan,Newfoundland and Labrador
503,Abigail,Holloway,Yukon Territory
504,Tara,Sanders,Prince Edward Island
505,Todd,Scott,British Columbia
506,Megan,Horn,Northwest Territories
507,Zachary,Dominguez,Manitoba
508,Yvette,Thompson,Saskatchewan
509,Lisa,Davidson,Ontario
510,Gregory,Brown,Manitoba
511,Shannon,Camacho,Yukon Territory
512,Michelle,Hester,Prince Edward Island
513,Emily,Bradshaw,Ontario
514,Emily,Colon,British Columbia
515,David,Ayers,Saskatchewan
516,Edward,Downs,Nova Scotia
517,Kevin,Green,Yukon Territory
518,John,Brown,Quebec
519,Tyler,Matthews,Newfoundland and Labrador
520,James,Andrews,Saskatchewan
521,Monica,Martinez,Quebec
522,Joseph,Nichols,Northwest Territories
523,Alexandra,Yang,Yukon Territory
524,Mark,Mcdonald,Yukon Territory
525,Melissa,Clark,Nova Scotia
526,Sonya,Hammond,New Brunswick
527,Robert,Cook,Newfoundland and Labrador
528,Timothy,Jones,New Brunswick
529,Chase,May,Alberta
530,Willie,Jones,British Columbia
531,Angela,Osborn,Ontario
532,Guy,Zamora,Nunavut
533,Jonathan,King,Ontario
534,Brett,Elliott,Nova Scotia
535,Carlos,Moses,New Brunswick
536,Elijah,Johnson,Newfoundland and Labrador
537,Robert,Tate,Yukon Territory
538,Gary,Jones,New Brunswick
539,Nina,Campbell,Quebec
540,Sarah,Schaefer,Northwest Territories
541,Emily,Guzman,Yukon Territory
542,Heather,Nguyen,Nova Scotia
543,Kevin,Thomas,Ontario
544,Jessica,Wagner,New Brunswick
545,David,Solis,Alberta
546,Michael,Stewart,Ontario
547,Bailey,Nichols,Alberta
548,Kirsten,Flynn,Alberta
549,Patrick,Finley,Quebec
550,Angela,Kennedy,Yukon Territory
551,Randall,Gardner,New Brunswick
552,Amy,Bentley,Saskatchewan
553,Thomas,Walker,Manitoba
554,Jacob,Bradford,Saskatchewan
555,Michael,Gardner,Ontario
556,Jason,Baker,British Columbia
557,Christina,Bass,Nunavut
558,Brendan,Gonzalez,British Columbia
559,Kristin,Baker,Quebec
560,Curtis,Tran,British Columbia
561,Brittany,Brown,Yukon Territory
562,Donna,Kim,Quebec
563,Terri,Valdez,Prince Edward Island
564,Adrienne,Flores,Prince Edward Island
565,Judy,Valdez,Manitoba
566,Shane,Stevens,Saskatchewan
567,Jennifer,Reynolds,Nunavut
568,Jeffery,Ware,Alberta
569,Bradley,Chase,Ontario
570,Nancy,Castillo,New Brunswick
571,Joseph,Potts,Ontario
572,Jessica,Gomez,New Brunswick
573,Dustin,Johnson,Alberta
574,Aaron,Mcdonald,Newfoundland and Labrador
575,Fred,Smith,Prince Edward Island
576,Jon,Carpenter,Yukon Territory
577,Carlos,White,Nunavut
578,Jasmine,Knox,Alberta
579,Robin,Bell,Nunavut
580,Lisa,Payne,Alberta
581,Eric,Brown,Nova Scotia
582,Bradley,Watkins,Quebec
583,Courtney,Carr,New Brunswick
584,Roger,Foster,Alberta
585,Dennis,Brown,Nova Scotia
586,Jacob,Simpson,British Columbia
587,Jerry,Ware,Saskatchewan
588,Isabel,Larson,Prince Edward Island
589,Donald,Jimenez,Newfoundland and Labrador
590,Monica,Rice,Saskatchewan
591,Julie,Yang,New Brunswick
592,Erika,Dominguez,Yukon Territory
593,Donna,Crawford,Alberta
594,Katherine,Herrera,British Columbia
595,Robin,Melton,New Brunswick
596,Kimberly,Morgan,New Brunswick
597,Robert,Young,Nunavut
598,Aaron,Brown,Quebec
599,David,Brown,Saskatchewan
600,Wanda,Walter,British Columbia
601,Joshua,Taylor,Yukon Territory
602,Gabrielle,Smith,New Brunswick
603,David,Vazquez,British Columbia
604,Robert,Edwards,Prince Edward Island
605,Bradley,Huff,Quebec
606,Spencer,Terry,Prince Edward Island
607,Michael,Ramos,Manitoba
608,Zachary,Davis,Ontario
609,Jennifer,Howard,New Brunswick
610,Michael,Wallace,Ontario
611,Crystal,Glover,British Columbia
612,Bonnie,Mccarthy,Newfoundland and Labrador
613,Emily,Luna,Nova Scotia
614,Jeffrey,Russell,Prince Edward Island
615,Travis,Lloyd,Nunavut
616,Audrey,Peterson,Manitoba
617,Tina,Conley,British Columbia
618,Gregory,Jackson,Quebec
619,Michael,Rodriguez,Prince Edward Island
620,Juan,Soto,Manitoba
621,Andrew,Moore,Quebec
622,Deborah,Kent,Northwest Territories
623,Sarah,Ford,British Columbia
624,Edwin,King,Yukon Territory
625,Alejandro,Campbell,Yukon Territory
626,Morgan,Crawford,Nunavut
627,Rachel,Werner,Prince Edward Island
628,Melinda,Bradshaw,Quebec
629,Kevin,Valencia,Alberta
630,Kristopher,Williams,Newfoundland and Labrador
631,Joel,Martinez,Yukon Territory
632,Charles,Reed,Quebec
633,Robert,Hill,New Brunswick
634,Lisa,Dixon,New Brunswick
635,Michael,Miller,Nunavut
636,Todd,Johnson,Manitoba
637,Brenda,Bush,Newfoundland and Labrador
638,Christopher,Weeks,Yukon Territory
639,Jonathan,Calderon,Northwest Territories
640,Kristen,Soto,Prince Edward Island
641,Joseph,Mckenzie,Alberta
642,Monica,Cisneros,Saskatchewan
643,Andrew,Davis,Manitoba
644,Curtis,Garcia,Ontario
645,Jeffrey,Blake,Prince Edward Island
646,Richard,Roberts,Saskatchewan
647,Christina,Reed,British Columbia
648,Jessica,King,Prince Edward Island
649,Melinda,Mitchell,Saskatchewan
650,Matthew,Jackson,British Columbia
651,Sarah,Lopez,Quebec
652,Elizabeth,Burton,Manitoba
653,Jeffrey,Robbins,Saskatchewan
654,Alice,Espinoza,Nova Scotia
655,William,Dominguez,Prince Edward Island
656,Valerie,Valdez,Nova Scotia
657,Alejandro,Phillips,Manitoba
658,Brett,Richardson,Nova Scotia
659,Ian,Brown,Nova Scotia
660,Teresa,Rios,Newfoundland and Labrador
661,Angela,Casey,Manitoba
662,Zachary,Leach,Ontario
663,Robert,Santiago,Alberta
664,Robert,Smith,Ontario
665,Jonathan,Keith,Ontario
666,Douglas,Castillo,Prince Edward Island
667,Kim,Brady,Manitoba
668,Paula,Taylor,Saskatchewan
669,Yolanda,Nelson,British Columbia
670,David,Daniel,Newfoundland and Labrador
671,Tracy,King,Saskatchewan
672,Curtis,Robertson,Manitoba
673,Megan,Stanley,Alberta
674,Andrew,Martin,British Columbia
675,Robert,Hawkins,Nunavut
676,Eugene,Campbell,Yukon Territory
677,Brenda,Jordan,Alberta
678,Luis,Brown,Yukon Territory
679,Christopher,Hansen,Manitoba
680,Ashley,Bates,Alberta
681,Shannon,Wood,Newfoundland and Labrador
682,John,Yu,Quebec
683,David,Perry,Nova Scotia
684,Jessica,Lang,Northwest Territories
685,Catherine,Castillo,Manitoba
686,Sarah,Williams,Saskatchewan
687,Bruce,Curtis,Newfoundland and Labrador
688,Abigail,Martinez,Yukon Territory
689,Benjamin,Craig,Nunavut
690,Ashley,Saunders,Quebec
691,Kathy,Martin,Saskatchewan
692,Paul,Armstrong,British Columbia
693,Robert,Yoder,Yukon Territory
694,Melissa,Reyes,British Columbia
695,Cynthia,Navarro,Northwest Territories
696,Mark,Cruz,Yukon Territory
697,Jennifer,Martinez,Prince Edward Island
698,Terri,Lyons,Newfoundland and Labrador
699,Michael,Ortiz,Northwest Territories
700,Troy,Pierce,Nova Scotia
701,Jennifer,Davis,Northwest Territories
702,Patricia,Carpenter,Manitoba
703,Jared,Austin,Alberta
704,Brianna,Spencer,Saskatchewan
705,Martin,Smith,British Columbia
706,Linda,Carrillo,Manitoba
707,Joseph,Pierce,British Columbia
708,Randy,Pope,Nunavut
709,David,Delgado,Yukon Territory
710,Corey,Johnson,Manitoba
711,Tracy,Rodriguez,Alberta
712,John,Gibson,Newfoundland and Labrador
713,Kristen,Zamora,Yukon Territory
714,Christian,Osborn,Prince Edward Island
715,Andrea,Griffin,Ontario
716,Nicholas,Smith,Newfoundland and Labrador
717,Kyle,Johnson,Newfoundland and Labrador
718,Travis,Davis,Yukon Territory
719,Becky,Miller,Manitoba
720,Jody,Travis,Prince Edward Island
721,Penny,Long,Quebec
722,Jeffrey,Hall,Quebec
723,Daniel,Miller,New Brunswick
724,Justin,Lee,Newfoundland and Labrador
725,Lynn,Shannon,Newfoundland and Labrador
726,John,Barnes,Prince Edward Island
727,John,Lindsey,Quebec
728,Haley,Flynn,Ontario
729,Raymond,Hawkins,Northwest Territories
730,Derek,Wilson,Ontario
731,Richard,Hoover,Alberta
732,Meghan,Fletcher,Alberta
733,Kevin,Smith,Ontario
734,Miranda,Becker,Alberta
735,Lucas,Montgomery,Quebec
736,Matthew,Patel,Saskatchewan
737,Jason,Miller,Nova Scotia
738,Amanda,Johnson,Nova Scotia
739,Paul,Adams,Nunavut
740,Linda,Graham,Manitoba
741,Nathan,Powell,Newfoundland and Labrador
742,Heather,Martin,Northwest Territories
743,Jerry,Howell,Nunavut
744,Howard,Hill,Ontario
745,Rebecca,Colon,Nova Scotia
746,Melissa,Hunt,Northwest Territories
747,Kelly,Carter,Nova Scotia
748,Sarah,Ramsey,Yukon Territory
749,Edwin,Pugh,Nova Scotia
750,Christine,Wilson,British Columbia
751,Tracy,Alexander,Alberta
752,Gregory,Harmon,Saskatchewan
753,Matthew,Rogers,British Columbia
754,Kendra,Freeman,Ontario
755,Katie,Reed,Manitoba
756,Lisa,Hicks,Northwest Territories
757,Alejandra,Miller,Nunavut
758,Juan,Parker,Manitoba
759,James,Hughes,Nova Scotia
760,David,Cain,Newfoundland and Labrador
761,Robert,Ortiz,Saskatchewan
762,Colin,Estrada,Saskatchewan
763,Kelsey,Hayes,Saskatchewan
764,Jessica,King,Nova Scotia
765,Julia,Simpson,Newfoundland and Labrador
766,Frances,Mayer,Nunavut
767,William,Nash,Yukon Territory
768,Seth,Stevens,New Brunswick
769,Ashley,Henderson,Newfoundland and Labrador
770,Adam,Lopez,Nunavut
771,Anthony,Yu,Alberta
772,Jeffrey,Henry,Northwest Territories
773,Sheila,Ellis,Alberta
774,Jessica,Porter,Prince Edward Island
775,Jeremy,Tucker,New Brunswick
776,Heather,Meza,Ontario
777,Lauren,Madden,Alberta
778,Alexis,Hickman,Ontario
779,Jennifer,Rollins,Nunavut
780,Mike,Scott,Prince Edward Island
781,Tiffany,Clark,Northwest Territories
782,Patrick,Vaughn,Northwest Territories
783,Kenneth,Vance,Nunavut
784,Julie,Ruiz,Nunavut
785,Vanessa,Mccarthy,British Columbia
786,Kristin,Robinson,Northwest Territories
787,Suzanne,Ford,Ontario
788,Barbara,Stevens,Yukon Territory
789,Cameron,Adams,New Brunswick
790,Toni,Rush,Quebec
791,Nicholas,Alexander,Newfoundland and Labrador
792,Adam,Navarro,Yukon Territory
793,Bruce,Matthews,Nova Scotia
794,Julie,Rosales,Quebec
795,Erica,Maddox,Yukon Territory
796,Tara,Howard,British Columbia
797,Donna,Kelly,Saskatchewan
798,Cathy,Torres,Saskatchewan
799,Michael,Olson,Newfoundland and Labrador
800,Megan,Franco,Northwest Territories
801,Eric,Thompson,Nunavut
802,Mackenzie,Anderson,Quebec
803,Jorge,Yang,Northwest Territories
804,Alison,Sherman,Alberta
805,David,Richard,Prince Edward Island
806,Nancy,Montoya,Yukon Territory
807,Brianna,Eaton,Manitoba
808,Lisa,Flynn,Northwest Territories
809,Warren,Martin,Northwest Territories
810,Christina,King,Newfoundland and Labrador
811,Robert,Davis,Quebec
812,Morgan,Solomon,Nunavut
813,Deborah,Juarez,British Columbia
814,Levi,Mcgrath,Saskatchewan
815,Teresa,Ramos,Northwest Territories
816,Matthew,Wright,Quebec
817,Andrew,Jones,Alberta
818,Benjamin,Thompson,Northwest Territories
819,Cynthia,Wheeler,Newfoundland and Labrador
820,Brandon,Brown,Ontario
821,Justin,Mendez,British Columbia
822,Kelly,Ford,British Columbia
823,Daniel,Hayes,New Brunswick
824,Sarah,Goodwin,Prince Edward Island
825,Charles,Johnson,Alberta
826,Alec,Turner,Northwest Territories
827,Joshua,Klein,British Columbia
828,Kristin,Johnson,Ontario
829,Patricia,Jones,Ontario
830,Heather,Reynolds,Manitoba
831,Paul,Snyder,New Brunswick
832,Hannah,Banks,Newfoundland and Labrador
833,Kayla,Wade,Ontario
834,Alison,Hernandez,Northwest Territories
835,Donna,Anderson,Ontario
836,Terri,Bowman,Ontario
837,Laura,Rogers,Nova Scotia
838,Regina,Myers,Saskatchewan
839,Corey,Baker,Quebec
840,Kelsey,Matthews,New Brunswick
841,Bethany,Bridges,Quebec
842,Jasmine,Hawkins,Saskatchewan
843,David,Frazier,British Columbia
844,Melissa,Wilkins,Quebec
845,Nicholas,Williamson,Alberta
846,Jennifer,Vazquez,Saskatchewan
847,Joshua,Green,Manitoba
848,Diane,Vasquez,British Columbia
849,James,Martin,Ontario
850,Monique,Snow,Manitoba
851,James,Barr,New Brunswick
852,Ian,Chung,British Columbia
853,Shelly,Schroeder,Saskatchewan
854,Tanya,Hardy,British Columbia
855,Lisa,Madden,Saskatchewan
856,Charles,Marshall,Nunavut
857,Tonya,Clark,Nova Scotia
858,James,Bryan,Saskatchewan
859,Dominique,Parker,Ontario
860,Angela,Ward,Newfoundland and Labrador
861,Herbert,Rose,Alberta
862,Karen,Villegas,Quebec
863,Lauren,Cameron,Quebec
864,Daniel,Powell,New Brunswick
865,Lance,Allen,New Brunswick
866,Donald,Mitchell,New Brunswick
867,Thomas,Dean,Saskatchewan
868,Andrea,Dalton,Ontario
869,Zachary,Simpson,New Brunswick
870,Mary,Pineda,New Brunswick
871,Michele,Sosa,Quebec
872,Elizabeth,Frey,Yukon Territory
873,Christian,Brown,Saskatchewan
874,Robert,Buck,New Brunswick
875,Joel,Bond,Newfoundland and Labrador
876,Kimberly,Wagner,Newfoundland and Labrador
877,John,Rios,Prince Edward Island
878,Lawrence,Stuart,Northwest Territories
879,Kenneth,Bryant,Yukon Territory
880,Alicia,Bishop,Prince Edward Island
881,Lauren,Horton,British Columbia
882,Robert,Hall,Alberta
883,Michael,Roth,Nunavut
884,Brent,Richardson,Alberta
885,David,Gomez,Nova Scotia
886,Scott,Wood,British Columbia
887,Lisa,Jenkins,Saskatchewan
888,Steven,Avery,Ontario
889,Nathan,Ramos,Quebec
890,Barry,Avery,Ontario
891,Hannah,Leonard,Nunavut
892,Mia,Maynard,British Columbia
893,Kayla,Taylor,Prince Edward Island
894,Alexis,Kim,Nunavut
